<?xml version="1.0"?>
<!DOCTYPE Configure PUBLIC "-//Mort Bay Consulting//DTD Configure//EN" "http://jetty.mortbay.org/configure.dtd">

<!-- =============================================================== -->
<!-- Mixin the Statistics Handler                                    -->
<!-- =============================================================== -->


<Configure id="Server" class="org.mortbay.jetty.Server">

    <!-- =========================================================== -->
    <!-- configure rewrite handler                                   --> 
    <!-- =========================================================== -->
    <Get id="oldhandler" name="handler"/>

    <Set name="handler">
     <New id="StatsHandler" class="org.mortbay.jetty.handler.StatisticsHandler">
      <Set name="handler"><Ref id="oldhandler"/></Set>
     </New>
    </Set>
    
</Configure>
