<?xml version="1.0"?>
<!DOCTYPE Configure PUBLIC "-//Mort Bay Consulting//DTD Configure//EN" "http://jetty.mortbay.org/configure.dtd">

<!-- =============================================================== -->
<!-- Configure Grizzly connector for the Jetty Server                -->
<!-- this configuration file should be used in combination with      -->
<!-- other configuration files.  e.g.                                -->
<!--    java -jar start.jar etc/jetty.xml etc/jetty-grizzly.xml      -->
<!-- The grizzly connector is documented at:                         -->
<!-- http://docs.codehaus.org/display/JETTY/jetty-grizzly.xml        -->
<!-- =============================================================== -->
<Configure id="Server" class="org.mortbay.jetty.Server">

  <Call name="addConnector">
    <Arg>
        <New class="org.mortbay.jetty.grizzly.GrizzlyConnector">
          <Set name="port"><SystemProperty name="jetty.port" default="8888"/></Set>
          <Set name="maxIdleTime">30000</Set>
          <Set name="Acceptors">1</Set>
          <Set name="confidentialPort">8443</Set>
        </New>
    </Arg>
  </Call>

</Configure>
