[
  { 
    "channels": "/**",
    "filter"  : "org.mortbay.cometd.filter.NoMarkupFilter",
    "init"    : {}
  },

  { 
    "channels": "/chat/*",
    "filter"   : "org.mortbay.cometd.filter.RegexFilter",
    "init"    : [ 
	              [ "[fF].ck","dang" ],
	              [ "teh ","the "]
	            ]
  },
  
  { 
    "channels": "/chat/**",
    "filter"   : "org.mortbay.cometd.filter.RegexFilter",
    "init"    : [ 
	              [ "[Mm]icrosoft", "Micro\\$oft" ],
	              [ ".*tomcat.*", null ] 
	            ]
  }
  
  
]